node_1|node_2|edge|chunk_id
india|health indicators|India's health indicators have improved in recent times but continue to lag behind peer nations.|5f490ea1f9f34632a819815c56a0e21d
india|population|India is a country with a population of 1.3 billion.|5f490ea1f9f34632a819815c56a0e21d
active health workers|doctors|Active health workers density includes doctors.|5f490ea1f9f34632a819815c56a0e21d
active health workers|nurses/midwives|Active health workers density includes nurses/midwives.|5f490ea1f9f34632a819815c56a0e21d
doctors and nurses/midwives density|5.0 and 6.0 respectively per 10,000 persons|The density of doctors and nurses/midwives in India is 5.0 and 6.0 respectively, per 10,000 persons.|5f490ea1f9f34632a819815c56a0e21d
who threshold|44.5 doctors, nurses, and midwives per 10,000 population|WHO threshold for health workers density is 44.5 doctors, nurses, and midwives per 10,000 population.|5f490ea1f9f34632a819815c56a0e21d
india's health workers density|who threshold|India's health worker density is much lower than the WHO threshold.|5f490ea1f9f34632a819815c56a0e21d
health worker distribution|inter-state, urban-rural, and public-private sector divide|Health worker issue is compounded by skewed inter-state, urban-rural, and public-private sector divide.|5f490ea1f9f34632a819815c56a0e21d
skilled health workforce|urgent augmentation|Calls to urgently augment the skilled health workforce emphasize its central role.|5f490ea1f9f34632a819815c56a0e21d
human resources|healthcare|Human resources have a central role in healthcare.|5f490ea1f9f34632a819815c56a0e21d
healthcare issue|complex multifactorial issue|Healthcare has evolved into a complex multifactorial issue.|5f490ea1f9f34632a819815c56a0e21d
paucity of skilled personnel|india's progress toward universal health coverage and sdgs|Paucity of skilled personnel must be addressed for India's progress toward universal health coverage and SDGs.|5f490ea1f9f34632a819815c56a0e21d
federal health budget|recent increase|Recent increase in the federal health budget offers an unprecedented opportunity.|5f490ea1f9f34632a819815c56a0e21d
article|read approach|This article utilizes the READ approach to analyze India's health system.|5f490ea1f9f34632a819815c56a0e21d
read approach|data extraction and analysis|READ approach involves extracting and analyzing data, distilling findings.|5f490ea1f9f34632a819815c56a0e21d
public health sector|private health sector|There is a growing divide between the public and private health sector systems.|5f490ea1f9f34632a819815c56a0e21d
private health sector|booming medical tourism industry and medical schools|Private health sector includes a booming medical tourism industry and medical schools.|5f490ea1f9f34632a819815c56a0e21d
national medical council|newly minted|National Medical Council is newly minted.|5f490ea1f9f34632a819815c56a0e21d
article|recommend policies|The article recommends policies to help India achieve its SDGs.|5f490ea1f9f34632a819815c56a0e21d
recommend policies|india's sdgs|Policies are recommended to support India's achievement of SDGs.|5f490ea1f9f34632a819815c56a0e21d
working conditions|auxiliary nurse midwives|Working conditions relate to the environment and circumstances under which auxiliary nurse midwives operate.|08ec3fd889ee49de99d90a7f9954eae1
indian public health standards|health sector reform|Indian public health standards are influenced by and contribute to health sector reform.|08ec3fd889ee49de99d90a7f9954eae1
human resource|auxiliary nurse midwives|Auxiliary nurse midwives are part of the human resource in the health sector.|08ec3fd889ee49de99d90a7f9954eae1
health policy|health sector reform|Health policy guides and shapes health sector reform.|08ec3fd889ee49de99d90a7f9954eae1
india|indian public health standards|Indian public health standards are specific to the country, India.|08ec3fd889ee49de99d90a7f9954eae1
health policy|working conditions|Health policy impacts working conditions within the health sector.|08ec3fd889ee49de99d90a7f9954eae1
india|health indicators|India has health indicators that have improved recently but still lag behind peer nations.|40617619930b48adb78cb41d2eb26919
india|active health workers’ density|India has an estimated active health workers’ density much lower than WHO recommended thresholds.|40617619930b48adb78cb41d2eb26919
active health workers’ density|who recommended thresholds|Current active health workers’ density in India is much lower than WHO recommended thresholds.|40617619930b48adb78cb41d2eb26919
active health workers’ density|inter-state, urban-rural, and public-private sector divide|Low health workers’ density is worsened by skewed inter-state, urban-rural, and public-private sector divide.|40617619930b48adb78cb41d2eb26919
paucity of skilled personnel|multi-factorial issue|Paucity of skilled personnel is a complex, multi-factorial issue.|40617619930b48adb78cb41d2eb26919
paucity of skilled personnel|universal health coverage|Addressing the paucity of skilled personnel is necessary for India to accelerate progress towards universal health coverage.|40617619930b48adb78cb41d2eb26919
paucity of skilled personnel|sustainable development goals (sdgs)|Addressing the paucity of skilled personnel is also necessary to achieve sustainable development goals.|40617619930b48adb78cb41d2eb26919
public sector|private sector|There is a growing divide between the public and private sectors due to their divergent strategies.|40617619930b48adb78cb41d2eb26919
private sector|medical tourism industry|The private sector currently has a booming medical tourism industry.|40617619930b48adb78cb41d2eb26919
private sector|medical schools|The private sector also has a burgeoning number of medical schools.|40617619930b48adb78cb41d2eb26919
national medical council|opportunities|The newly created National Medical Council offers opportunities to address issues in the health sector.|40617619930b48adb78cb41d2eb26919
federal health budget|increase|There has been a recent increase in the federal health budget.|40617619930b48adb78cb41d2eb26919
recommendations|transparent governance|Recommendations include creating transparent governance to address scarcity of quality health personnel.|40617619930b48adb78cb41d2eb26919
recommendations|strengthening health infrastructure|Recommendations include strengthening health infrastructure.|40617619930b48adb78cb41d2eb26919
recommendations|upskilling existing workforce|Recommendations include upskilling the existing health workforce.|40617619930b48adb78cb41d2eb26919
recommendations|partnerships with private sector|Recommendations include creating partnerships with the larger private sector.|40617619930b48adb78cb41d2eb26919
read approach|methodology|The READ approach is the methodology used for document analysis in health policy research.|40617619930b48adb78cb41d2eb26919
read approach|systematic approach|The READ approach is a systematic approach involving readying materials, extracting data, and analyzing it to distill findings.|40617619930b48adb78cb41d2eb26919
policy research|readying one's materials|Policy research consists of readying one's materials as an initial step.|0c9d45a719af411681da6f9296c50560
policy research|extracting the data|Extracting the data is a part of the policy research process.|0c9d45a719af411681da6f9296c50560
policy research|analyzing the data|Analyzing the data is a step involved in policy research to distill findings.|0c9d45a719af411681da6f9296c50560
literature search|56 articles|An extensive literature search led to the selection of 56 articles.|0c9d45a719af411681da6f9296c50560
56 articles|peer-reviewed journals|The 56 articles were published in peer-reviewed journals.|0c9d45a719af411681da6f9296c50560
56 articles|2005 to 2021|The articles were published between 2005 and 2021.|0c9d45a719af411681da6f9296c50560
56 articles|analyzed|The selected 56 articles were analyzed as part of the research.|0c9d45a719af411681da6f9296c50560
corresponding authors' experiential knowledge|foundation for analysis|The experiential knowledge of the corresponding authors served as the foundation for the analysis.|0c9d45a719af411681da6f9296c50560
government-funded health sector|healthcare for vulnerable populations|The government-funded health sector is the provider of healthcare to vulnerable populations.|dc410d30cc3746a480d294c29c64e5fa
government-funded health sector|underfunded with 1.28% of the gdp|The government-funded health sector has been chronically underfunded with 1.28% of the GDP.|dc410d30cc3746a480d294c29c64e5fa
government-funded health sector|healthcare expenditure of $2.7 per citizen per year|The underfunding translates to a healthcare expenditure of $2.7 per citizen per year in the government-funded health sector.|dc410d30cc3746a480d294c29c64e5fa
india|0.7 public hospital beds per 100,000 people|India currently has 0.7 public hospital beds per 100,000 people.|dc410d30cc3746a480d294c29c64e5fa
india|0.576 physicians per 1,000 population in 2000|India had 0.576 physicians per 1,000 population in 2000.|dc410d30cc3746a480d294c29c64e5fa
world health organization|doctor-to-population ratio of 1:1,000|The World Health Organization recommends a doctor-to-population ratio of 1:1,000.|dc410d30cc3746a480d294c29c64e5fa
national health mission (nhm)|started in 2005|The National Health Mission (NHM) was initiated in 2005.|dc410d30cc3746a480d294c29c64e5fa
national health mission (nhm)|increase quantum of services provided|Since its inception, NHM aimed to increase the quantum of healthcare services provided.|dc410d30cc3746a480d294c29c64e5fa
lack of focus on quality|healthcare indicators unchanged|The lack of focus on quality under NHM failed to improve healthcare indicators.|dc410d30cc3746a480d294c29c64e5fa
population|37% had any health insurance coverage in 2018|At best, 37% of the population had any health insurance coverage in 2018.|dc410d30cc3746a480d294c29c64e5fa
for-profit private health sector|dominant provider of healthcare|Due to low insurance coverage and perception of quality, the for-profit private health sector became the dominant healthcare provider.|dc410d30cc3746a480d294c29c64e5fa
for-profit private health sector|consumes 5.1% of the gdp|The private health sector consumes 5.1% of the GDP.|dc410d30cc3746a480d294c29c64e5fa
for-profit private health sector|financed by out-of-pocket (oop) expenditure|The private health sector is financed mainly by Out-Of-Pocket expenditure.|dc410d30cc3746a480d294c29c64e5fa
for-profit private health sector|range from world-class health facilities to informal provider clinics|The private sector spans a wide range, from world-class facilities to informal provider clinics.|dc410d30cc3746a480d294c29c64e5fa
narayana health|internationally accredited, high quality, tertiary healthcare service provider|Narayana Health is an internationally accredited, high quality, tertiary healthcare service provider.|dc410d30cc3746a480d294c29c64e5fa
informal provider clinics|establishments providing medical care often manned by solo providers without formal qualification|Informal provider clinics are medical establishments often manned by a solo provider without formal qualifications or registration.|dc410d30cc3746a480d294c29c64e5fa
world-class health facilities|exist in urban areas|World-class health facilities predominantly exist in urban areas in India.|dc410d30cc3746a480d294c29c64e5fa
provider|formal medical qualification|provider does not have a formal medical qualification or registration|26f8920b590a4130bbd9994744732106
world-class health facilities|urban areas|World-class health facilities exist in urban areas|26f8920b590a4130bbd9994744732106
india|medical tourism|India has become a leading destination for medical tourism|26f8920b590a4130bbd9994744732106
informal providers|urban slums|informal providers are concentrated in urban slums|26f8920b590a4130bbd9994744732106
informal providers|rural areas|informal providers are concentrated in rural areas|26f8920b590a4130bbd9994744732106
informal providers|first choice of care|informal providers are the first choice of care in urban slums and rural areas|26f8920b590a4130bbd9994744732106
informal providers|trusted constant presence|informal providers have built a long-standing trusted constant presence in their communities|26f8920b590a4130bbd9994744732106
informal providers|social, economic, and cultural norms|informal providers have adapted to their social, economic, and cultural norms|26f8920b590a4130bbd9994744732106
public health sector|nhm|Public health sector strategies are associated with NHM|26f8920b590a4130bbd9994744732106
nhm|health challenges|The NHM has sought to address health challenges.|54f86c92a40b4eb6890eb025b99f7a14
nhm|communitization|The NHM approaches health challenges through communitization.|54f86c92a40b4eb6890eb025b99f7a14
nhm|flexible financing|The NHM uses flexible financing as one of its five approaches.|54f86c92a40b4eb6890eb025b99f7a14
nhm|improved management|NHM improves management through capacity building.|54f86c92a40b4eb6890eb025b99f7a14
nhm|monitoring progress against standards|NHM monitors progress against standards as an approach.|54f86c92a40b4eb6890eb025b99f7a14
nhm|innovations in human resource management|NHM adopts innovations in human resource management.|54f86c92a40b4eb6890eb025b99f7a14
nhm|multiple new cadres|NHM has created multiple new cadres to provide primary healthcare.|54f86c92a40b4eb6890eb025b99f7a14
multiple new cadres|primary healthcare|New cadres have been created to provide primary healthcare.|54f86c92a40b4eb6890eb025b99f7a14
multiple new cadres|universal health coverage|New cadres accelerate the pace toward universal health coverage.|54f86c92a40b4eb6890eb025b99f7a14
key cadre|female community health workers|A key cadre has been the female community health workers.|54f86c92a40b4eb6890eb025b99f7a14
female community health workers|accredited social health activists (asha)|Female community health workers are known as Accredited Social Health Activists (ASHA).|54f86c92a40b4eb6890eb025b99f7a14
asha|one for every 1,000 population|There is one ASHA for every 1,000 population.|54f86c92a40b4eb6890eb025b99f7a14
ashas|one million|ASHAs number one million to date.|54f86c92a40b4eb6890eb025b99f7a14
ashas|auxiliary nurse midwives (anm)|ASHAs serve to increase the reach of Auxiliary Nurse Midwives (ANM).|54f86c92a40b4eb6890eb025b99f7a14
anm|population of 5,000|ANMs were meant to serve a population of 5,000.|54f86c92a40b4eb6890eb025b99f7a14
anm|population of up to 20,000|In reality, ANMs serve up to 20,000 people.|54f86c92a40b4eb6890eb025b99f7a14
task shifting|from anms to ashas|Task shifting is occurring from ANMs to ASHAs cadre.|54f86c92a40b4eb6890eb025b99f7a14
anms|high school graduates|ANMs are high school graduates.|54f86c92a40b4eb6890eb025b99f7a14
anms|18 months training|ANMs receive 18 months of training.|54f86c92a40b4eb6890eb025b99f7a14
ashas|school up to eighth grade|ASHAs attend school up to the eighth grade, sometimes less.|54f86c92a40b4eb6890eb025b99f7a14
ashas|23 days initial training|ASHAs receive 23 days of initial training.|54f86c92a40b4eb6890eb025b99f7a14
ashas|additional on-the-job need-based short training|ASHAs receive additional on-the-job need-based short training.|54f86c92a40b4eb6890eb025b99f7a14
anms|government employees|ANMs are government employees.|54f86c92a40b4eb6890eb025b99f7a14
anms|salary|ANMs receive a salary.|54f86c92a40b4eb6890eb025b99f7a14
ashas|private contractors|ASHAs are treated as private contractors.|54f86c92a40b4eb6890eb025b99f7a14
ashas|payment proportionate to work performed|ASHAs receive payment proportionate to the amount of work performed.|54f86c92a40b4eb6890eb025b99f7a14
evaluation of ashas|health systems perspective|Evaluation of ASHAs was done from a health systems perspective.|54f86c92a40b4eb6890eb025b99f7a14
evaluation of ashas|broader system constraints|Evaluation shows broader system constraints.|54f86c92a40b4eb6890eb025b99f7a14
evaluation of ashas|few overall positive findings|Evaluation shows few overall positive findings.|54f86c92a40b4eb6890eb025b99f7a14
government|new cadres|The government is hiring new cadres on a contractual basis.|73a1220d156d4fcda1d81b5cc45016eb
new cadres|rural medical assistants (rmas)|Rural Medical Assistants (RMAs) are part of the new cadres being hired.|73a1220d156d4fcda1d81b5cc45016eb
new cadres|paramedical personnel|Paramedical personnel are also part of the new cadres being hired.|73a1220d156d4fcda1d81b5cc45016eb
rural medical assistants (rmas)|three-year diploma course|The Rural Medical Assistant (RMA) is a three-year diploma course.|73a1220d156d4fcda1d81b5cc45016eb
three-year diploma course|physician assistant program in the us|The RMA diploma course is similar to the physician assistant program in the US.|73a1220d156d4fcda1d81b5cc45016eb
rural medical assistants (rmas)|primary health centers|RMAs work at Primary Health Centers.|73a1220d156d4fcda1d81b5cc45016eb
initial evaluation|rural medical assistants (rmas)|The initial evaluation of RMAs is positive.|73a1220d156d4fcda1d81b5cc45016eb
paramedical councils|courses|Several paramedical councils offer courses to train paramedical personnel.|73a1220d156d4fcda1d81b5cc45016eb
courses|duration from six to 24 months|The courses offered by paramedical councils vary in duration from six to 24 months.|73a1220d156d4fcda1d81b5cc45016eb
courses|supportive care in health facilities and homes|The courses train personnel to provide supportive care in health facilities and homes.|73a1220d156d4fcda1d81b5cc45016eb
scale of such initiatives|nascent|The scale of initiatives to train personnel through these courses remains nascent.|73a1220d156d4fcda1d81b5cc45016eb
systemic integration pathways|undefined|Systemic integration pathways for these initiatives remain undefined.|73a1220d156d4fcda1d81b5cc45016eb
ashas|contractors|ASHAs remain contractors|e4d185bd28a245a7b909dddc4f97cec6
doctors|contractual basis|doctors are being hired on a contractual basis|e4d185bd28a245a7b909dddc4f97cec6
nurses|contractual basis|nurses are being hired on a contractual basis|e4d185bd28a245a7b909dddc4f97cec6
nhm|275,000 contractual personnel|Since the inception of the NHM in 2005, 275,000 contractual personnel have been inducted|e4d185bd28a245a7b909dddc4f97cec6
doctors|contractual posts in rural areas|Doctors are incentivized to accept contractual posts in rural areas|e4d185bd28a245a7b909dddc4f97cec6
nurses|contractual posts in rural areas|Nurses are incentivized to accept contractual posts in rural areas|e4d185bd28a245a7b909dddc4f97cec6
contractual posts in rural areas|monetary incentives|Postings are linked with monetary incentives|e4d185bd28a245a7b909dddc4f97cec6
contractual posts in rural areas|preferential admission into residencies|Postings are linked with preferential admission into residencies|e4d185bd28a245a7b909dddc4f97cec6
doctors trained in indian systems of medicine|ulopathic medicine bridge courses|Doctors trained in Ayurveda, Siddha, and Unani are trained in bridge courses in allopathic medicine|e4d185bd28a245a7b909dddc4f97cec6
working conditions in public sector|demotivating|Working conditions in the public sector remain demotivating|e4d185bd28a245a7b909dddc4f97cec6
demotivating working conditions|low retention rates|Demotivating working conditions result in low retention rates|e4d185bd28a245a7b909dddc4f97cec6
demotivating working conditions|high dissatisfaction levels|Demotivating working conditions result in high dissatisfaction levels|e4d185bd28a245a7b909dddc4f97cec6
contractual employees|lower remuneration|Contractual employees have lower remuneration compared to regular employees|e4d185bd28a245a7b909dddc4f97cec6
contractual employees|delayed salary payments|Contractual employees face delayed salary payments|e4d185bd28a245a7b909dddc4f97cec6
contractual employees|temporary nature of contracts|Temporary nature of contracts is a cause of concern for contractual employees|e4d185bd28a245a7b909dddc4f97cec6
poor infrastructure|demotivation|Poor infrastructure demotivates employees|e4d185bd28a245a7b909dddc4f97cec6
supply chain issues|demotivation|Supply chain issues demotivate employees|e4d185bd28a245a7b909dddc4f97cec6
incidents of violence by communities|doctors|Increasing incidents of violence by communities are against doctors|e4d185bd28a245a7b909dddc4f97cec6
incidents of violence by communities|covid-19 pandemic|Incidents of violence increased especially during the COVID-19 pandemic|e4d185bd28a245a7b909dddc4f97cec6
system failings|doctors|System failings demotivate doctors and encourage them to seek other opportunities.|db669c8a039e4adab1000ba092b6dceb
doctors|private health sector|The majority of doctors (65%) work in the private health sector.|db669c8a039e4adab1000ba092b6dceb
indian-born physicians|high-income countries|More than 60,000 Indian-born physicians now practice in high-income countries.|db669c8a039e4adab1000ba092b6dceb
physicians trained in india|émigré physician workforce|About 10% of physicians trained in India have left the country, making it the largest émigré physician workforce in the world.|db669c8a039e4adab1000ba092b6dceb
ayushman bharat|publicly financed health insurance scheme|'Ayushman Bharat' is a publicly financed health insurance scheme for the poor.|db669c8a039e4adab1000ba092b6dceb
ayushman bharat|primary care from health and wellness centers|Ayushman Bharat is designed to allow access to primary care from health and wellness centers.|db669c8a039e4adab1000ba092b6dceb
ayushman bharat|secondary and tertiary care services from participating private health facilities|Ayushman Bharat allows the poor to avail secondary and tertiary care services from participating private health facilities.|db669c8a039e4adab1000ba092b6dceb
ayushman bharat|stewardship for improved governance and quality control|Ayushman Bharat has the potential to provide stewardship for improved governance and quality control.|db669c8a039e4adab1000ba092b6dceb
ayushman bharat|india's progress toward sdg goals|Ayushman Bharat aims to accelerate India's progress toward its Sustainable Development Goals (SDG).|db669c8a039e4adab1000ba092b6dceb
performance evaluation|ayushman bharat scheme|A recent performance evaluation shows Ayushman Bharat has not succeeded in improving access or financial protection.|db669c8a039e4adab1000ba092b6dceb
similar schemes|various states|Similar health insurance schemes have been independently launched by various states.|db669c8a039e4adab1000ba092b6dceb
similar schemes|mixed results|Similar schemes launched by states have produced mixed results.|db669c8a039e4adab1000ba092b6dceb
publicly funded purchasing of services|private providers|There are concerns about the viability of publicly funded purchasing of services from private providers.|db669c8a039e4adab1000ba092b6dceb
for-profit private health sector|unmet demand for healthcare services|The for-profit private health sector has perceived opportunities in this unmet demand for healthcare services.|e970505879f64b5598fbdb4f98813883
patients|for-profit private health sector|Patients see the for-profit private health sector as providing services that are more available and of higher quality.|e970505879f64b5598fbdb4f98813883
medicalization and corporatization|regulation|The trend towards medicalization and corporatization remains largely unregulated.|e970505879f64b5598fbdb4f98813883
primary care|secondary and tertiary care|Primary care is frequently eclipsed by the more expensive secondary and tertiary care.|e970505879f64b5598fbdb4f98813883
private sector|solo practitioners or small nursing homes|During the eighties and nineties, the private sector was largely made up of solo practitioners or small nursing homes.|e970505879f64b5598fbdb4f98813883
private sector|corporate houses|Since the turn of the century, the private sector has become dominated by corporate houses in urban areas.|e970505879f64b5598fbdb4f98813883
corporate houses|urban areas|Corporate houses dominate the private sector in urban areas.|e970505879f64b5598fbdb4f98813883
corporate houses|tier ii and iii cities|The corporate houses are rapidly expanding to tier II and III cities.|e970505879f64b5598fbdb4f98813883
oop expenditure|total health expenditure|There has been a marked spike in increased OOP expenditure, which accounted for 62% of total health expenditure in 2014.|e970505879f64b5598fbdb4f98813883
private health sector|patients from around the world|The private health sector attracts patients from around the world.|e970505879f64b5598fbdb4f98813883
patients from around the world|india|Nearly 234,000 patients came into India in 2015 for medical tourism.|e970505879f64b5598fbdb4f98813883
medical tourism|india|India is the third most popular destination worldwide for medical tourism.|e970505879f64b5598fbdb4f98813883
medical tourism|influx of $3 billion|Medical tourism brought an influx of $3 billion to India in 2015.|e970505879f64b5598fbdb4f98813883
private sector|medical colleges|The private sector has invested heavily in setting up medical colleges|3af80fd9ec0042a8931dbf169083d0a7
india|medical colleges|India has 619 medical colleges, the highest number per population in the world as of May 21, 2020|3af80fd9ec0042a8931dbf169083d0a7
private sector|279 medical colleges|Out of 619 medical colleges, 279 are in the private sector|3af80fd9ec0042a8931dbf169083d0a7
private medical colleges|fees|Private medical colleges have fees as high as 100 times those of government colleges|3af80fd9ec0042a8931dbf169083d0a7
doctors graduating from private medical colleges|contractual government posts|Doctors graduating from private medical colleges are not attracted to the paltry remuneration offered by contractual government posts|3af80fd9ec0042a8931dbf169083d0a7
doctors|private sector|Doctors gravitate towards higher remuneration in the private sector, making it the largest employer of doctors in India|3af80fd9ec0042a8931dbf169083d0a7
corporate sector|performance targets and practice constraints|The corporate sector imposes performance targets and practice constraints on doctors to maximize profit|3af80fd9ec0042a8931dbf169083d0a7
performance targets and practice constraints|doctors’ professional autonomy|Performance targets and practice constraints restrict doctors’ professional autonomy|3af80fd9ec0042a8931dbf169083d0a7
star doctors|practice rules|A small number of star doctors with flourishing practices can set their own practice rules|3af80fd9ec0042a8931dbf169083d0a7
young and early career doctors|status and opportunity|Most young and early career doctors face erosion of their status and opportunity|3af80fd9ec0042a8931dbf169083d0a7
national medical council india|medical commission|National Medical Council India revamped the inept Medical Commission in 2019|30202e4c47334b5ca1b26c02bc734f9e
national medical council india|national medical council (nmc)|National Medical Council India introduced the National Medical Council (NMC) in 2019|30202e4c47334b5ca1b26c02bc734f9e
national medical council (nmc)|health professionals|NMC aims to improve the regulation of health professionals|30202e4c47334b5ca1b26c02bc734f9e
health professionals|doctors|Doctors are a category of health professionals regulated by NMC|30202e4c47334b5ca1b26c02bc734f9e
health professionals|community health providers|Community Health Providers are a category of health professionals regulated by NMC|30202e4c47334b5ca1b26c02bc734f9e
national medical council (nmc)|medical education|NMC aims to improve the regulation of medical education|30202e4c47334b5ca1b26c02bc734f9e
nmc act|private corporate sector|NMC Act remains silent about the interplay with the private corporate sector|30202e4c47334b5ca1b26c02bc734f9e
nmc act|pharmaceutical industries|NMC Act remains silent about the interplay with the pharmaceutical industries|30202e4c47334b5ca1b26c02bc734f9e
nmc act|medical education|NMC Act remains silent about the interplay with medical education|30202e4c47334b5ca1b26c02bc734f9e
nmc act|healthcare services|NMC Act remains silent about the interplay with healthcare services|30202e4c47334b5ca1b26c02bc734f9e
clarity regarding interplay|other reforms|Introducing clarity regarding interplay alongside other reforms|30202e4c47334b5ca1b26c02bc734f9e
clarity regarding interplay|coordinated implementation|Clarity would ensure coordinated implementation of all inputs for universal health coverage|30202e4c47334b5ca1b26c02bc734f9e
coordinated implementation|universal health coverage|Coordinated implementation is needed for the provision of universal health coverage|30202e4c47334b5ca1b26c02bc734f9e
centralizing control|medical education|Current trend of centralizing control affects medical education|30202e4c47334b5ca1b26c02bc734f9e
centralizing control|states|Centralizing control leaves little leeway for states|30202e4c47334b5ca1b26c02bc734f9e
states|medical education adaptation|States have reduced capacity to adapt medical education to their geographical, cultural, social, and economic diversity|30202e4c47334b5ca1b26c02bc734f9e
india|geographical diversity|India represents geographical diversity|30202e4c47334b5ca1b26c02bc734f9e
india|cultural diversity|India represents cultural diversity|30202e4c47334b5ca1b26c02bc734f9e
india|social diversity|India represents social diversity|30202e4c47334b5ca1b26c02bc734f9e
india|economic diversity|India represents economic diversity|30202e4c47334b5ca1b26c02bc734f9e
total expenditure on health in india|3.84% of its gdp|The total expenditure on health in India is 3.84% of its GDP.|4566cced91be4e1292923bb4dd1d4f38
health expenditure in the us|close to 18% of gdp|The US devotes close to 18% of its GDP to healthcare.|4566cced91be4e1292923bb4dd1d4f38
us healthcare coverage|one-quarter of the population|In the US, close to 18% of GDP is spent on healthcare covering one-quarter of the population.|4566cced91be4e1292923bb4dd1d4f38
government of india healthcare budget allocation|1.29% of its budget|The Government of India has allocated about 1.29% of its budget to healthcare.|4566cced91be4e1292923bb4dd1d4f38
national health policy 2017|commitment to increase healthcare allocation to 2.5% by 2025|The National Health Policy 2017 includes a stated commitment to increase healthcare allocation to 2.5% of budget by 2025.|4566cced91be4e1292923bb4dd1d4f38
domestic general government health expenditure|us 8.6%|The Domestic General Government Health Expenditure was 8.6% for the US.|4566cced91be4e1292923bb4dd1d4f38
domestic general government health expenditure|brazil 4%|The Domestic General Government Health Expenditure was 4% for Brazil.|4566cced91be4e1292923bb4dd1d4f38
domestic general government health expenditure|china's 2.9%|The Domestic General Government Health Expenditure was 2.9% for China.|4566cced91be4e1292923bb4dd1d4f38
indian government healthcare allocation 2024|just over $30 billion|This year the Indian government doubled its healthcare allocation to just over $30 billion.|4566cced91be4e1292923bb4dd1d4f38
indian government traditional healthcare expenditure share|1.29%|Traditionally, the Indian government contributed only 1.29% to healthcare expenditure.|4566cced91be4e1292923bb4dd1d4f38
rest of healthcare expenditure|oop expenditures by consumers|The rest of healthcare expenditure apart from government share has come from out-of-pocket (OOP) expenditures by consumers.|4566cced91be4e1292923bb4dd1d4f38
oop healthcare expenditures|many families falling into poverty|OOP healthcare expenditures have resulted in many families falling into poverty every year.|4566cced91be4e1292923bb4dd1d4f38
government healthcare expenditure share|increasing share to align with other middle-income countries and neighbors|The government must increase its share of healthcare expenditure to align better with other middle-income countries and its neighbors.|4566cced91be4e1292923bb4dd1d4f38
public health system|1% of the gdp|The public health system is currently unable to utilize even the 1% of the GDP that has traditionally been available to it.|14460d0db0054fefaf2b66f2e0bbad11
federal government’s allocation in 2022|public health system capacity|With a doubling of the federal government’s allocation in 2022, the public health system's capacity to utilize it must be increased.|14460d0db0054fefaf2b66f2e0bbad11
financial allocation|utilization capacity|Increasing the financial allocation and its utilization capacity will enhance the health infrastructure and workforce capability.|14460d0db0054fefaf2b66f2e0bbad11
health infrastructure|workforce capability|Enhancing health infrastructure will improve workforce capability.|14460d0db0054fefaf2b66f2e0bbad11
institutional capacity building|competency-based training|Institutional capacity building and competency-based training are required in the government healthcare system.|14460d0db0054fefaf2b66f2e0bbad11
government healthcare system|institutional capacity building|Institutional capacity building is required in the government healthcare system.|14460d0db0054fefaf2b66f2e0bbad11
government healthcare system|competency-based training|Competency-based training is required in the government healthcare system.|14460d0db0054fefaf2b66f2e0bbad11
health services|local priorities|Competency-building will allow the country to align its health services to local priorities.|14460d0db0054fefaf2b66f2e0bbad11
india|population diversity|India exhibits diversity in its population.|14460d0db0054fefaf2b66f2e0bbad11
india|disease profiles|India exhibits diversity in its disease profiles.|14460d0db0054fefaf2b66f2e0bbad11
national health protection mission|limited uptake|The recently started National Health Protection Mission has limited uptake.|14460d0db0054fefaf2b66f2e0bbad11
majority of indians|lack of health insurance|The majority of Indians (up to 80.9% in urban and 85.9% in rural) still do not have health insurance.|14460d0db0054fefaf2b66f2e0bbad11
public health sector|revised standards|The public health sector has revised standards for healthcare infrastructure, personnel, equipment and services.|3af112ea3145454bbcb81dce2cd9580f
revised standards|healthcare infrastructure|Revised standards cover healthcare infrastructure as a key element.|3af112ea3145454bbcb81dce2cd9580f
revised standards|personnel|Revised standards include personnel for healthcare.|3af112ea3145454bbcb81dce2cd9580f
revised standards|equipment|Revised standards specify equipment for healthcare.|3af112ea3145454bbcb81dce2cd9580f
revised standards|services|Revised standards define services for primary, secondary and tertiary care.|3af112ea3145454bbcb81dce2cd9580f
revised standards|primary care|Standards apply to primary care services.|3af112ea3145454bbcb81dce2cd9580f
revised standards|secondary care|Standards apply to secondary care services.|3af112ea3145454bbcb81dce2cd9580f
revised standards|tertiary care|Standards apply to tertiary care services.|3af112ea3145454bbcb81dce2cd9580f
public health sector|accredit health facilities|The public health sector utilizes revised standards to accredit health facilities.|3af112ea3145454bbcb81dce2cd9580f
accredit health facilities|standardization of the health system|Accreditation of health facilities aims to achieve standardization of the health system.|3af112ea3145454bbcb81dce2cd9580f
private health sector|major provider of health care in india|The private health sector is the major provider of healthcare in India.|3af112ea3145454bbcb81dce2cd9580f
private health sector|single provider clinics|The private health sector includes single provider clinics run by unqualified staff.|3af112ea3145454bbcb81dce2cd9580f
private health sector|state-of-the-art hospitals|The private health sector includes state-of-the-art hospitals offering world-class care.|3af112ea3145454bbcb81dce2cd9580f
state-of-the-art hospitals|medical tourism|These hospitals have made India a major hub for medical tourism.|3af112ea3145454bbcb81dce2cd9580f
private health sector|regulation|The private health sector remains largely unregulated with limited enforcement of rules.|3af112ea3145454bbcb81dce2cd9580f
corporate hospitals|land allocation|Corporate hospitals were allocated land in prime urban locations on condition of providing subsidized care.|3af112ea3145454bbcb81dce2cd9580f
corporate hospitals|economic weaker sections care|Corporate hospitals were supposed to provide care at low or no cost to economically weaker sections.|3af112ea3145454bbcb81dce2cd9580f
government|enforce rules|The government could enforce existing rules and create new ones for reasonable healthcare costs and profit caps.|3af112ea3145454bbcb81dce2cd9580f
health insurance scheme for central government employees|purchases services from private sector|This insurance scheme purchases health services from the private sector.|3af112ea3145454bbcb81dce2cd9580f
health insurance scheme for central government employees|model for national health insurance|This scheme is a model that can be expanded for the national health insurance scheme (Ayushman Bharat).|3af112ea3145454bbcb81dce2cd9580f
national health insurance scheme (ayushman bharat)|health services from private sector|Ayushman Bharat aims to scale private sector health services for the broader population.|3af112ea3145454bbcb81dce2cd9580f
digital technology|vaccination program|Digital technology is used to facilitate the vaccination program.|78206dbe07174bf8bcd7d550b7e92f98
evin|digital track and trace system|eVin is a digital track and trace system developed to track vaccine availability and cold chain maintenance.|78206dbe07174bf8bcd7d550b7e92f98
evin|national immunization program|eVin facilitates the national immunization program.|78206dbe07174bf8bcd7d550b7e92f98
evin|covid-19 vaccination|eVin is widely used to accelerate Covid-19 vaccination.|78206dbe07174bf8bcd7d550b7e92f98
online training management information systems|indigenous development|Online Training Management Information Systems have been indigenously developed.|78206dbe07174bf8bcd7d550b7e92f98
online training management information systems|training for new personnel|These systems help schedule training for new personnel.|78206dbe07174bf8bcd7d550b7e92f98
online training management information systems|records and dashboards|These systems maintain records and dashboards.|78206dbe07174bf8bcd7d550b7e92f98
records and dashboards|monitoring, evaluation and policy formulation|Records and dashboards facilitate monitoring, evaluation, and policy formulation.|78206dbe07174bf8bcd7d550b7e92f98
medical devices|mobile health apps|Medical devices and mobile health apps are both technologies enhancing personalized care.|78206dbe07174bf8bcd7d550b7e92f98
mobile health apps|wearable, trackable technology|Mobile health apps and wearable, trackable technology collectively enhance opportunities for patient care.|78206dbe07174bf8bcd7d550b7e92f98
medical devices, mobile health apps, and wearable, trackable technology|personalized care|These technologies enhance opportunities for personalized care.|78206dbe07174bf8bcd7d550b7e92f98
medical devices, mobile health apps, and wearable, trackable technology|self-management|These technologies facilitate patient self-management.|78206dbe07174bf8bcd7d550b7e92f98
medical devices, mobile health apps, and wearable, trackable technology|behavior modification|These technologies support behavior modification.|78206dbe07174bf8bcd7d550b7e92f98
medical devices, mobile health apps, and wearable, trackable technology|tele-monitoring of patients|These technologies enable tele-monitoring of patients.|78206dbe07174bf8bcd7d550b7e92f98
india|application of technology|India should expand application of technology to other portfolios within the health sector|e8534a519e3d429a9631574219e1a730
application of technology|health sector|Application of technology is used in various portfolios within the health sector|e8534a519e3d429a9631574219e1a730
high-income countries|innovations in digital technology|High-Income Countries have innovations in digital technology supporting healthcare delivery|e8534a519e3d429a9631574219e1a730
innovations in digital technology|delivery of vital healthcare|Innovations in digital technology support the delivery of vital healthcare|e8534a519e3d429a9631574219e1a730
covid-19 pandemic|pace and scale of digital healthcare process|COVID-19 pandemic catalyzed the pace and scale of digital healthcare process|e8534a519e3d429a9631574219e1a730
delivery of healthcare|populations denied care otherwise|Healthcare delivery during the pandemic reached populations who would have been denied care otherwise|e8534a519e3d429a9631574219e1a730
telemedicine|consultations with healthcare providers|Telemedicine is used for consultations with healthcare providers|e8534a519e3d429a9631574219e1a730
covid-19 pandemic|increase of telemedicine uptake|Telemedicine uptake increased 50 to 175 times during the COVID-19 pandemic in the US|e8534a519e3d429a9631574219e1a730
scope of medical examination and procedures|covid-19 pandemic|The scope of medical examination and procedures expanded markedly during the COVID-19 pandemic|e8534a519e3d429a9631574219e1a730
ai-embedded logarithms|diagnosis of covid-19 disease|AI-embedded logarithms diagnose COVID-19 disease from chest x-rays and CT scans|e8534a519e3d429a9631574219e1a730
doctors|ophthalmic fundal examination online|Doctors can perform ophthalmic fundal examinations online|e8534a519e3d429a9631574219e1a730
remote orthopedic examinations|standards|Standards for conducting remote orthopedic examinations are used successfully|e8534a519e3d429a9631574219e1a730
drones|delivery of medicines to communities|Drones are used to deliver medicines to communities|e8534a519e3d429a9631574219e1a730
shortage of protective equipment|pandemic|Shortage of protective equipment occurred during the pandemic|e8534a519e3d429a9631574219e1a730
manufacturing protective equipment locally|3d printing|Protective equipment shortage was overcome by local manufacturing using 3D printing|e8534a519e3d429a9631574219e1a730
india|digital divide|India must close its digital divide to take advantage of digital technology for healthcare delivery in rural areas.|a8a85045145f47e58eec6d930a3714b5
digital divide|healthcare delivery|Closing the digital divide is necessary to aid the delivery of healthcare to rural areas.|a8a85045145f47e58eec6d930a3714b5
rural areas|internet density 25.3%|Rural areas in India have an internet density of 25.3%.|a8a85045145f47e58eec6d930a3714b5
rural areas|population 66%|66% of India's population resides in rural areas.|a8a85045145f47e58eec6d930a3714b5
non-rural areas|internet density 97.9%|Non-rural areas in India have an internet density of 97.9%.|a8a85045145f47e58eec6d930a3714b5
non-rural areas|population 34%|34% of India's population lives in non-rural areas.|a8a85045145f47e58eec6d930a3714b5
private health sector|cognitive platform|The private health sector is using cognitive platforms to deliver healthcare in oncology.|a8a85045145f47e58eec6d930a3714b5
cognitive platform|oncology healthcare delivery|Some centers enlist cognitive platforms for healthcare delivery in oncology.|a8a85045145f47e58eec6d930a3714b5
private health sector|healthcare initiatives reach|The reach of private health sector initiatives in healthcare delivery is very limited.|a8a85045145f47e58eec6d930a3714b5
market-driven forces|nation's healthcare needs|Market-driven forces cannot be trusted to meet the healthcare needs of an entire nation.|a8a85045145f47e58eec6d930a3714b5
government|healthcare delivery|Government must step in and direct efforts to improve healthcare delivery.|a8a85045145f47e58eec6d930a3714b5
telemedicine|amplify care reach|Telemedicine can amplify the reach of healthcare.|a8a85045145f47e58eec6d930a3714b5
telemedicine|maternal and child mortality|Telemedicine helps decrease maternal and child mortality rates.|a8a85045145f47e58eec6d930a3714b5
maternal and child mortality|india|Maternal and child mortality rates are among the highest in India.|a8a85045145f47e58eec6d930a3714b5
national policy|prioritizing telemedicine|National policy must prioritize telemedicine to decrease maternal and child mortality.|a8a85045145f47e58eec6d930a3714b5
digital technologies|control of non-communicable disease risk factors|Use of digital technologies can aid in controlling risk factors for non-communicable diseases.|a8a85045145f47e58eec6d930a3714b5
non-communicable diseases|risk factors|Risk factors include smoking, alcohol abuse, physical inactivity, and unhealthy diet.|a8a85045145f47e58eec6d930a3714b5
india|diabetes capital of the world|India is known as the diabetes capital of the world.|a8a85045145f47e58eec6d930a3714b5
digital literacy|care delivery and monitoring|Increasing digital literacy can aid in the delivery and monitoring of care for the elderly.|a8a85045145f47e58eec6d930a3714b5
digital literacy|privacy in mental health care|Digital literacy can ensure privacy in accessing care for mental health issues.|a8a85045145f47e58eec6d930a3714b5
mental health issues|stigma|There is stigma associated with mental health in India.|a8a85045145f47e58eec6d930a3714b5
privacy|overcoming mental health stigma|Ensuring privacy in care can help overcome stigma associated with mental health.|a8a85045145f47e58eec6d930a3714b5
central government|leadership in digital health|Central government must assert leadership to advance digital health initiatives.|a8a85045145f47e58eec6d930a3714b5
central government|mental health|The central government needs to assert leadership in the fight for better mental health services.|20d17ede215e428eab9ad797aa8e9524
central government|better health for all indians|The central government is responsible for leading efforts to provide better health for all Indians.|20d17ede215e428eab9ad797aa8e9524
better health for all indians|those with the money to pay unassisted|Better health for all Indians implies health services not limited to only those who can pay unassisted.|20d17ede215e428eab9ad797aa8e9524
india|live register for health personnel and infrastructure|India needs to have a live register for health personnel and infrastructure|287e21ae25b546ffbf01da71b4b220e3
india|data about practicing doctors|India does not have data about the exact number or geospatial details about its practicing doctors|287e21ae25b546ffbf01da71b4b220e3
accurate data about manpower quantity and geospatial location|efficiency and effectiveness of utilization|Having accurate data about quantity and geospatial location of manpower will increase the efficiency and effectiveness of its utilization|287e21ae25b546ffbf01da71b4b220e3
trained personnel|services they have been trained for|Those trained to provide them must be well-equipped to provide the services they have been trained for|287e21ae25b546ffbf01da71b4b220e3
lack of transparency in training schedules|erratic posting of personnel|Lack of transparency in creating training schedules coupled with erratic posting of personnel affects personnel distribution|287e21ae25b546ffbf01da71b4b220e3
erratic posting of personnel|personnel stay at district or state headquarters|Erratic posting often results in personnel staying at district or state headquarters|287e21ae25b546ffbf01da71b4b220e3
district or state headquarters|better living conditions|District or state headquarters generally have better living conditions than underserved regions|287e21ae25b546ffbf01da71b4b220e3
online training|overcoming challenge of personnel deployment|Online training can help overcome the challenge of personnel staying in better living condition areas|287e21ae25b546ffbf01da71b4b220e3
online training|infrastructure investment|Online training adoption requires investment in necessary infrastructure|287e21ae25b546ffbf01da71b4b220e3
two-year intermittent training initiative|university of nottingham faculty|Two-year intermittent training initiative for upgrading nurses' skills was conducted by University of Nottingham faculty in India|287e21ae25b546ffbf01da71b4b220e3
training initiative evaluations|positive participant feedback|Training initiative received positive evaluations from participants|287e21ae25b546ffbf01da71b4b220e3
few implementations|deeper structural problems|Few participants implemented learning due to deeper structural problems|287e21ae25b546ffbf01da71b4b220e3
deeper structural problems|national and state-level policies, working conditions, staff shortages|Deeper structural problems include national and state-level policies, working conditions, and staff shortages|287e21ae25b546ffbf01da71b4b220e3
sourcing health personnel|native residents of communities|Sourcing health personnel who are native residents of communities helps personnel retention|287e21ae25b546ffbf01da71b4b220e3
ongoing training|clinical and social skills|Providing ongoing training in clinical and social skills supports personnel retention|287e21ae25b546ffbf01da71b4b220e3
non-hierarchical work environment|personnel retention and motivation|Using a non-hierarchical work environment helps personnel retention and motivation|287e21ae25b546ffbf01da71b4b220e3
individualized mentoring|personnel retention and motivation|Providing individualized mentoring helps retain personnel and ensures motivation|287e21ae25b546ffbf01da71b4b220e3
increasing violence|healthcare personnel|Increasing violence is occurring against healthcare personnel, particularly doctors.|1476b86f71d4403487a9baf9c7bf5948
violence against healthcare personnel|worrisome new trend|Violence against healthcare personnel is described as a worrisome new trend.|1476b86f71d4403487a9baf9c7bf5948
low physician-to-patient ratio|delays in attending patients|A low physician-to-patient ratio results in delays in attending to patients.|1476b86f71d4403487a9baf9c7bf5948
low physician-to-patient ratio|adds to costs|A low physician-to-patient ratio adds to costs.|1476b86f71d4403487a9baf9c7bf5948
underpaid physicians|take on more patients than they can reasonably serve|Underpaid physicians are tempted to take on more patients than they can serve reasonably.|1476b86f71d4403487a9baf9c7bf5948
underpaid physicians|defensive medicine practices|Underpaid physicians lead to the setting in of defensive medicine practices.|1476b86f71d4403487a9baf9c7bf5948
defensive medicine practices|ordering unnecessary tests and procedures|Physicians practice defensive medicine by ordering unnecessary tests and procedures.|1476b86f71d4403487a9baf9c7bf5948
profit motive of the private sector|mandatory advance payments|The profit motive of the private sector forces mandatory advance payments.|1476b86f71d4403487a9baf9c7bf5948
unethical practices|pharmaceutical companies|Pharmaceutical companies engage in unethical practices.|1476b86f71d4403487a9baf9c7bf5948
intense focus on specialization|unnecessary referrals and prescriptions|An intense focus on specialization tempts providers to refer unnecessarily and prescribe unneeded treatments.|1476b86f71d4403487a9baf9c7bf5948
providers|unnecessary referrals and prescriptions|Providers are tempted by unethical factors to make unnecessary referrals and prescribe treatments.|1476b86f71d4403487a9baf9c7bf5948
unnecessary referrals and prescriptions|assure patients|Unnecessary referrals and prescriptions are used to assure patients that their concerns are addressed.|1476b86f71d4403487a9baf9c7bf5948
physicians|complex web|Physicians get entangled in a complex web due to these healthcare issues.|1476b86f71d4403487a9baf9c7bf5948
dissatisfied patients|strike out at failing system|Dissatisfied patients may strike out at a healthcare system that is failing them.|1476b86f71d4403487a9baf9c7bf5948
physicians|direct contact with patients|Physicians are in direct contact with their patients.|1476b86f71d4403487a9baf9c7bf5948
physicians|bear brunt of agitated patients|Physicians tend to bear the brunt of agitated and frustrated patients and their families.|1476b86f71d4403487a9baf9c7bf5948
adequately compensated physicians|reduce violence trend|Adequate compensation of physicians, particularly primary care physicians, may reduce the trend of violence.|1476b86f71d4403487a9baf9c7bf5948
private marketplace|cannot solve violence trend|The private marketplace will not be able to solve the violence trend against physicians.|1476b86f71d4403487a9baf9c7bf5948
thoughtful government planning|reverse violence trend|Only thoughtful government planning can reverse the violence trend against healthcare personnel.|1476b86f71d4403487a9baf9c7bf5948
public health sector|private health sector|The public and private health sectors have different aims, strategies, structures, and service provisions.|c1e7154a6bdf4817bb8dcb3955b31cc9
recommendations|public health sector|The recommendations aim to synergize the services of the public health sector.|c1e7154a6bdf4817bb8dcb3955b31cc9
recommendations|private health sector|The recommendations aim to synergize the services of the private health sector.|c1e7154a6bdf4817bb8dcb3955b31cc9
synergized services|maximizing efficiencies at scale|Synergizing services of public and private sectors is intended to maximize efficiencies at scale.|c1e7154a6bdf4817bb8dcb3955b31cc9
transparency|focus|Focus on transparency is essential for improving the health system.|c1e7154a6bdf4817bb8dcb3955b31cc9
training and retaining health personnel|focus|Focus on training and retaining health personnel is essential for improving the health system.|c1e7154a6bdf4817bb8dcb3955b31cc9
strengthening health infrastructure|focus|Focus on strengthening health infrastructure is essential for improving the health system.|c1e7154a6bdf4817bb8dcb3955b31cc9
implementing uniform standards|focus|Focus on implementing uniform standards is essential for improving the health system.|c1e7154a6bdf4817bb8dcb3955b31cc9
broad overarching policy|focus|Focus on a broad overarching policy is essential for improving the health system.|c1e7154a6bdf4817bb8dcb3955b31cc9
india’s health system|providing affordable, accessible, quality care|India’s health system aims to provide affordable, accessible, and quality care for its citizens.|c1e7154a6bdf4817bb8dcb3955b31cc9
ensuring india’s health system ability|transparency, training, infrastructure, standards, policy|Ensuring India’s health system can provide quality care requires transparency, training and retaining health personnel, strengthening infrastructure, implementing uniform standards, and a broad policy.|c1e7154a6bdf4817bb8dcb3955b31cc9
